name,last_searched
11. ZEW-Konferenz zur Ökonomik von Innovationen und Patenten,2026-10-01
119th Annual Conference on Taxation - National Tax Association,2026-10-10
"11th Northeastern Finance Conference, May 5-7, 2027, Boston",2026-10-04
12th Annual ICGS Conference - Call for Papers,2026-10-03
13th Annual Conference on Risk Governance,2026-10-09
14th ABFER Annual Conference,2026-10-05
"16th ITAM Finance Conference, 2027",2026-10-09
17th Transatlantic Workshop on the Economics of Crime,2026-10-09
18th Annual Hedge Fund Research Conference,2026-10-07
2026 Annual Community Bank Research Conference Call for Papers and Outstanding Paper Award (co-sponsored by Federal Reserve Bank/CSBS/FDIC),2026-10-07
"2026 Conference on Real-Time Data Analysis, Methods, and Applications",2026-10-07
2026 Early Career Accounting Scholars Conference joint with Accounting and Business Research,2026-10-10
Accountability in a Sustainable World Conference,2026-10-01
Accounting Summer Camp,2026-10-01
AI in Finance Conference,2026-10-01
Alpine Finance Summit,2026-10-01
Annual Bank Research Conference,2026-10-01
Annual Conference on Financial Economics and Accounting,2026-10-01
Annual Meeting of the Central Bank Research Association,2026-10-01
Behavioural Finance Working Group,2026-10-08
Big Apple Accounting Conference,2026-10-08
Boca Corporate Finance and Governance Conference,2026-10-08
Boca Finance and Real Estate Conference,2026-10-08
Boulder Summer Conference on Consumer Financial Decision Making,2026-10-08
Exeter Sustainable Finance Conference,2026-10-01
FMA Asia/Pacific Conference,2026-10-10
FMA European Conference,2026-10-10
Frontiers of Factor Investing Conference,2026-10-03
Institutional and Organizational Economics Academy,2026-10-06
International Accounting & Finance Doctoral Symposium,2026-10-06
"International Conference in Venice - Artificial Intelligence, Financial Innovation and Credit Risk",2026-10-06
International Conference of the Japanese Accounting Review,2026-10-06
